ObjectName,x_pos,y_pos,z_pos,w_qua,x_qua,y_qua,z_qua
Ground,-56.89999771118164,-1.5,1.0199999809265137,1.0,-0.0,0.0,0.0
TemplateCube_Rounded_4,-31.899999618530273,23.5,-1.4800000190734863,1.0,-0.0,0.0,0.0
SkyShereBlueprint,-56.89999771118164,1.0,2.0199999809265137,1.0,-0.0,0.0,0.0
TemplateCube_Rounded_7,-31.899999618530273,23.5,-6.480000019073486,1.0,-0.0,0.0,0.0
TemplateCube_Rounded_6,-31.899999618530273,-26.5,-1.4800000190734863,1.0,-0.0,0.0,0.0
TemplateCube_Rounded_10,-31.899999618530273,-26.5,-6.480000019073486,1.0,-0.0,0.0,0.0
TemplateCube_Rounded_8,-31.899999618530273,33.5,-1.4800000190734863,1.0,-0.0,0.0,0.0
TemplateCube_Rounded_9,-31.899999618530273,33.5,-6.480000019073486,1.0,-0.0,0.0,0.0
TemplateCube_Rounded_48,-21.899999618530273,-26.5,-1.4800000190734863,1.0,-0.0,0.0,0.0
TemplateCube_Rounded_49,-21.899999618530273,-26.5,-6.480000019073486,1.0,-0.0,0.0,0.0
TemplateCube_Rounded_52,-21.899999618530273,-36.5,-1.4800000190734863,1.0,-0.0,0.0,0.0
TemplateCube_Rounded_13,-21.899999618530273,-36.5,-6.480000019073486,1.0,-0.0,0.0,0.0
TemplateCube_Rounded_55,-31.899999618530273,-36.5,-1.4800000190734863,1.0,-0.0,0.0,0.0
TemplateCube_Rounded_56,-31.899999618530273,-36.5,-6.480000019073486,1.0,-0.0,0.0,0.0
TemplateCube_Rounded_61,-21.899999618530273,23.5,-1.4800000190734863,1.0,-0.0,0.0,0.0
TemplateCube_Rounded_62,-21.899999618530273,23.5,-6.480000019073486,1.0,-0.0,0.0,0.0
TemplateCube_Rounded_65,-21.899999618530273,33.5,-1.4800000190734863,1.0,-0.0,0.0,0.0
TemplateCube_Rounded_66,-21.899999618530273,33.5,-6.480000019073486,1.0,-0.0,0.0,0.0
TemplateCube_Rounded_69,-31.899999618530273,-36.5,-11.479999542236328,1.0,-0.0,0.0,0.0
TemplateCube_Rounded_70,-31.899999618530273,-36.5,-16.479999542236328,1.0,-0.0,0.0,0.0
TemplateCube_Rounded_75,28.099998474121094,-6.5,-1.4800000190734863,1.0,-0.0,0.0,0.0
TemplateCube_Rounded_76,28.099998474121094,-6.5,-6.480000019073486,1.0,-0.0,0.0,0.0
TemplateCube_Rounded_77,28.099998474121094,-16.5,-1.4800000190734863,1.0,-0.0,0.0,0.0
TemplateCube_Rounded_78,28.099998474121094,-16.5,-6.480000019073486,1.0,-0.0,0.0,0.0
TemplateCube_Rounded_26,28.099998474121094,13.5,-1.4800000190734863,1.0,-0.0,0.0,0.0
TemplateCube_Rounded_83,28.099998474121094,13.5,-6.480000019073486,1.0,-0.0,0.0,0.0
TemplateCube_Rounded_84,28.099998474121094,3.5,-1.4800000190734863,1.0,-0.0,0.0,0.0
TemplateCube_Rounded_85,28.099998474121094,3.5,-6.480000019073486,1.0,-0.0,0.0,0.0
TemplateCube_Rounded_92,38.099998474121094,-6.5,-11.479999542236328,1.0,-0.0,0.0,0.0
TemplateCube_Rounded_31,38.099998474121094,-16.5,-6.480000019073486,1.0,-0.0,0.0,0.0
TemplateCube_Rounded_93,38.099998474121094,13.5,-1.4800000190734863,1.0,-0.0,0.0,0.0
TemplateCube_Rounded_94,38.099998474121094,13.5,-6.480000019073486,1.0,-0.0,0.0,0.0
TemplateCube_Rounded_96,38.099998474121094,3.5,-11.479999542236328,1.0,-0.0,0.0,0.0
TemplateCube_Rounded_103,48.099998474121094,-6.5,-11.479999542236328,1.0,-0.0,0.0,0.0
TemplateCube_Rounded_104,48.099998474121094,-16.5,-6.480000019073486,1.0,-0.0,0.0,0.0
TemplateCube_Rounded_105,48.099998474121094,13.5,-1.4800000190734863,1.0,-0.0,0.0,0.0
TemplateCube_Rounded_106,48.099998474121094,13.5,-6.480000019073486,1.0,-0.0,0.0,0.0
TemplateCube_Rounded_108,48.099998474121094,3.5,-6.480000019073486,1.0,-0.0,0.0,0.0
TemplateCube_Rounded_115,58.099998474121094,-6.5,-6.480000019073486,1.0,-0.0,0.0,0.0
TemplateCube_Rounded_116,58.099998474121094,-16.5,-6.480000019073486,1.0,-0.0,0.0,0.0
TemplateCube_Rounded_117,58.099998474121094,13.5,-1.4800000190734863,1.0,-0.0,0.0,0.0
TemplateCube_Rounded_45,58.099998474121094,13.5,-6.480000019073486,1.0,-0.0,0.0,0.0
TemplateCube_Rounded_47,58.099998474121094,3.5,-6.480000019073486,1.0,-0.0,0.0,0.0
TemplateCube_Rounded_124,38.099998474121094,-16.5,-1.4800000190734863,1.0,-0.0,0.0,0.0
TemplateCube_Rounded_125,48.099998474121094,-16.5,-1.4800000190734863,1.0,-0.0,0.0,0.0
TemplateCube_Rounded_126,58.099998474121094,-6.5,-1.4800000190734863,1.0,-0.0,0.0,0.0
TemplateCube_Rounded_128,58.099998474121094,3.5,-1.4800000190734863,1.0,-0.0,0.0,0.0
TemplateCube_Rounded_50,48.099998474121094,13.5,-16.479999542236328,1.0,-0.0,0.0,0.0
TemplateCube_Rounded_51,48.099998474121094,3.5,-16.479999542236328,1.0,-0.0,0.0,0.0
TemplateCube_Rounded_133,58.099998474121094,13.5,-16.479999542236328,1.0,-0.0,0.0,0.0
TemplateCube_Rounded_53,58.099998474121094,3.5,-16.479999542236328,1.0,-0.0,0.0,0.0
TemplateCube_Rounded_54,48.099998474121094,13.5,-21.479999542236328,1.0,-0.0,0.0,0.0
TemplateCube_Rounded_138,48.099998474121094,3.5,-21.479999542236328,1.0,-0.0,0.0,0.0
TemplateCube_Rounded_139,58.099998474121094,13.5,-21.479999542236328,1.0,-0.0,0.0,0.0
TemplateCube_Rounded_57,58.099998474121094,3.5,-21.479999542236328,1.0,-0.0,0.0,0.0
TemplateCube_Rounded_142,-71.9000015258789,53.5,-1.4800000190734863,1.0,-0.0,0.0,0.0
TemplateCube_Rounded_143,-71.9000015258789,53.5,-6.480000019073486,1.0,-0.0,0.0,0.0
TemplateCube_Rounded_60,-71.9000015258789,53.5,-11.479999542236328,1.0,-0.0,0.0,0.0
TemplateCube_Rounded_146,-71.9000015258789,53.5,-16.479999542236328,1.0,-0.0,0.0,0.0
TemplateCube_Rounded_152,-71.9000015258789,-56.5,-1.4800000190734863,1.0,-0.0,0.0,0.0
TemplateCube_Rounded_64,-71.9000015258789,-56.5,-6.480000019073486,1.0,-0.0,0.0,0.0
TemplateCube_Rounded_63,-71.9000015258789,-56.5,-11.479999542236328,1.0,-0.0,0.0,0.0
TemplateCube_Rounded_151,-71.9000015258789,-56.5,-16.479999542236328,1.0,-0.0,0.0,0.0
TemplateCube_Rounded_154,-71.9000015258789,53.5,-21.479999542236328,1.0,-0.0,0.0,0.0
TemplateCube_Rounded_160,58.099998474121094,-116.5,-1.4800000190734863,1.0,-0.0,0.0,0.0
TemplateCube_Rounded_159,58.099998474121094,-116.5,-6.480000019073486,1.0,-0.0,0.0,0.0
TemplateCube_Rounded_68,58.099998474121094,-106.5,-1.4800000190734863,1.0,-0.0,0.0,0.0
TemplateCube_Rounded_67,58.099998474121094,-106.5,-6.480000019073486,1.0,-0.0,0.0,0.0
TemplateCube_Rounded_74,48.099998474121094,-116.5,-1.4800000190734863,1.0,-0.0,0.0,0.0
TemplateCube_Rounded_73,48.099998474121094,-116.5,-6.480000019073486,1.0,-0.0,0.0,0.0
TemplateCube_Rounded_72,48.099998474121094,-106.5,-1.4800000190734863,1.0,-0.0,0.0,0.0
TemplateCube_Rounded_71,48.099998474121094,-106.5,-6.480000019073486,1.0,-0.0,0.0,0.0
TemplateCube_Rounded_82,58.099998474121094,103.5,-1.4800000190734863,1.0,-0.0,0.0,0.0
TemplateCube_Rounded_81,58.099998474121094,103.5,-6.480000019073486,1.0,-0.0,0.0,0.0
TemplateCube_Rounded_80,58.099998474121094,113.5,-1.4800000190734863,1.0,-0.0,0.0,0.0
TemplateCube_Rounded_79,58.099998474121094,113.5,-6.480000019073486,1.0,-0.0,0.0,0.0
TemplateCube_Rounded_176,48.099998474121094,103.5,-1.4800000190734863,1.0,-0.0,0.0,0.0
TemplateCube_Rounded_175,48.099998474121094,103.5,-6.480000019073486,1.0,-0.0,0.0,0.0
TemplateCube_Rounded_174,48.099998474121094,113.5,-1.4800000190734863,1.0,-0.0,0.0,0.0
TemplateCube_Rounded_173,48.099998474121094,113.5,-6.480000019073486,1.0,-0.0,0.0,0.0
TemplateCube_Rounded_90,-81.9000015258789,103.5,-1.4800000190734863,1.0,-0.0,0.0,0.0
TemplateCube_Rounded_89,-82.0,103.5,-6.480000019073486,1.0,-0.0,0.0,0.0
TemplateCube_Rounded_88,-81.9000015258789,113.5,-1.4800000190734863,1.0,-0.0,0.0,0.0
TemplateCube_Rounded_87,-81.9000015258789,113.5,-6.480000019073486,1.0,-0.0,0.0,0.0
TemplateCube_Rounded_86,-92.0,103.5,-1.4800000190734863,1.0,-0.0,0.0,0.0
TemplateCube_Rounded_187,-91.9000015258789,103.5,-6.480000019073486,1.0,-0.0,0.0,0.0
TemplateCube_Rounded_186,-91.9000015258789,113.5,-1.4800000190734863,1.0,-0.0,0.0,0.0
TemplateCube_Rounded_185,-92.0,113.5,-6.480000019073486,1.0,-0.0,0.0,0.0
TemplateCube_Rounded_98,-81.9000015258789,-116.5,-1.4800000190734863,1.0,-0.0,0.0,0.0
TemplateCube_Rounded_97,-81.9000015258789,-116.5,-6.480000019073486,1.0,-0.0,0.0,0.0
TemplateCube_Rounded_200,-81.9000015258789,-106.5,-1.4800000190734863,1.0,-0.0,0.0,0.0
TemplateCube_Rounded_199,-81.9000015258789,-106.5,-6.480000019073486,1.0,-0.0,0.0,0.0
TemplateCube_Rounded_198,-91.9000015258789,-116.5,-1.4800000190734863,1.0,-0.0,0.0,0.0
TemplateCube_Rounded_197,-91.9000015258789,-116.5,-6.480000019073486,1.0,-0.0,0.0,0.0
TemplateCube_Rounded_196,-91.9000015258789,-106.5,-1.4800000190734863,1.0,-0.0,0.0,0.0
TemplateCube_Rounded_91,-91.9000015258789,-106.5,-6.480000019073486,1.0,-0.0,0.0,0.0
TemplateCube_Rounded_102,-31.899999618530273,23.5,-11.479999542236328,1.0,-0.0,0.0,0.0
TemplateCube_Rounded_101,-31.899999618530273,33.5,-11.479999542236328,1.0,-0.0,0.0,0.0
TemplateCube_Rounded_100,-21.899999618530273,23.5,-11.479999542236328,1.0,-0.0,0.0,0.0
TemplateCube_Rounded_99,-21.899999618530273,33.5,-11.479999542236328,1.0,-0.0,0.0,0.0
TemplateCube_Rounded_212,58.099998474121094,-116.5,-11.479999542236328,1.0,-0.0,0.0,0.0
TemplateCube_Rounded_211,58.099998474121094,-106.5,-11.479999542236328,1.0,-0.0,0.0,0.0
TemplateCube_Rounded_210,48.099998474121094,-116.5,-11.479999542236328,1.0,-0.0,0.0,0.0
TemplateCube_Rounded_209,48.099998474121094,-106.5,-11.479999542236328,1.0,-0.0,0.0,0.0
TemplateCube_Rounded_110,18.100000381469727,-56.5,-1.4800000190734863,1.0,-0.0,0.0,0.0
TemplateCube_Rounded_109,18.100000381469727,-56.5,-6.480000019073486,1.0,-0.0,0.0,0.0
TemplateCube_Rounded_218,18.100000381469727,-56.5,-11.479999542236328,1.0,-0.0,0.0,0.0
TemplateCube_Rounded_217,18.100000381469727,-56.5,-16.479999542236328,1.0,-0.0,0.0,0.0
TemplateCube_Rounded_114,18.100000381469727,-66.5,-1.4800000190734863,1.0,-0.0,0.0,0.0
TemplateCube_Rounded_113,18.100000381469727,-66.5,-6.480000019073486,1.0,-0.0,0.0,0.0
TemplateCube_Rounded_112,18.100000381469727,-66.5,-11.479999542236328,1.0,-0.0,0.0,0.0
TemplateCube_Rounded_111,18.100000381469727,-66.5,-16.479999542236328,1.0,-0.0,0.0,0.0
TemplateCube_Rounded_122,18.100000381469727,63.5,-1.4800000190734863,1.0,-0.0,0.0,0.0
TemplateCube_Rounded_121,18.100000381469727,63.5,-6.480000019073486,1.0,-0.0,0.0,0.0
TemplateCube_Rounded_120,18.100000381469727,63.5,-11.479999542236328,1.0,-0.0,0.0,0.0
TemplateCube_Rounded_119,18.100000381469727,63.5,-16.479999542236328,1.0,-0.0,0.0,0.0
TemplateCube_Rounded_234,18.100000381469727,53.5,-1.4800000190734863,1.0,-0.0,0.0,0.0
TemplateCube_Rounded_233,18.100000381469727,53.5,-6.480000019073486,1.0,-0.0,0.0,0.0
TemplateCube_Rounded_232,18.100000381469727,53.5,-11.479999542236328,1.0,-0.0,0.0,0.0
TemplateCube_Rounded_231,18.100000381469727,53.5,-16.479999542236328,1.0,-0.0,0.0,0.0
TemplateCube_Rounded_130,28.099998474121094,63.5,-1.4800000190734863,1.0,-0.0,0.0,0.0
TemplateCube_Rounded_129,28.099998474121094,63.5,-6.480000019073486,1.0,-0.0,0.0,0.0
TemplateCube_Rounded_247,28.099998474121094,63.5,-11.479999542236328,1.0,-0.0,0.0,0.0
TemplateCube_Rounded_246,28.099998474121094,63.5,-16.479999542236328,1.0,-0.0,0.0,0.0
TemplateCube_Rounded_245,28.099998474121094,53.5,-1.4800000190734863,1.0,-0.0,0.0,0.0
TemplateCube_Rounded_244,28.099998474121094,53.5,-6.480000019073486,1.0,-0.0,0.0,0.0
TemplateCube_Rounded_243,28.099998474121094,53.5,-11.479999542236328,1.0,-0.0,0.0,0.0
TemplateCube_Rounded_123,28.099998474121094,53.5,-16.479999542236328,1.0,-0.0,0.0,0.0
TemplateCube_Rounded_131,28.099998474121094,-56.5,-1.4800000190734863,1.0,-0.0,0.0,0.0
TemplateCube_Rounded_132,28.099998474121094,-56.5,-6.480000019073486,1.0,-0.0,0.0,0.0
TemplateCube_Rounded_256,28.099998474121094,-56.5,-11.479999542236328,1.0,-0.0,0.0,0.0
TemplateCube_Rounded_134,28.099998474121094,-56.5,-16.479999542236328,1.0,-0.0,0.0,0.0
TemplateCube_Rounded_135,28.099998474121094,-66.5,-1.4800000190734863,1.0,-0.0,0.0,0.0
TemplateCube_Rounded_136,28.099998474121094,-66.5,-6.480000019073486,1.0,-0.0,0.0,0.0
TemplateCube_Rounded_137,28.099998474121094,-66.5,-11.479999542236328,1.0,-0.0,0.0,0.0
TemplateCube_Rounded_257,28.099998474121094,-66.5,-16.479999542236328,1.0,-0.0,0.0,0.0
TemplateCube_Rounded_266,18.100000381469727,-56.5,-21.479999542236328,1.0,-0.0,0.0,0.0
TemplateCube_Rounded_140,18.100000381469727,-66.5,-21.479999542236328,1.0,-0.0,0.0,0.0
TemplateCube_Rounded_141,18.100000381469727,63.5,-21.479999542236328,1.0,-0.0,0.0,0.0
TemplateCube_Rounded_267,18.100000381469727,53.5,-21.479999542236328,1.0,-0.0,0.0,0.0
TemplateCube_Rounded_268,28.099998474121094,63.5,-21.479999542236328,1.0,-0.0,0.0,0.0
TemplateCube_Rounded_144,28.099998474121094,53.5,-21.479999542236328,1.0,-0.0,0.0,0.0
TemplateCube_Rounded_145,28.099998474121094,-56.5,-21.479999542236328,1.0,-0.0,0.0,0.0
TemplateCube_Rounded_269,28.099998474121094,-66.5,-21.479999542236328,1.0,-0.0,0.0,0.0
TemplateCube_Rounded_147,28.099998474121094,-6.5,-11.479999542236328,1.0,-0.0,0.0,0.0
TemplateCube_Rounded_148,28.099998474121094,-16.5,-11.479999542236328,1.0,-0.0,0.0,0.0
TemplateCube_Rounded_149,28.099998474121094,13.5,-11.479999542236328,1.0,-0.0,0.0,0.0
TemplateCube_Rounded_150,28.099998474121094,3.5,-11.479999542236328,1.0,-0.0,0.0,0.0
TemplateCube_Rounded_282,38.099998474121094,-16.5,-11.479999542236328,1.0,-0.0,0.0,0.0
TemplateCube_Rounded_283,38.099998474121094,13.5,-11.479999542236328,1.0,-0.0,0.0,0.0
TemplateCube_Rounded_153,48.099998474121094,-16.5,-11.479999542236328,1.0,-0.0,0.0,0.0
TemplateCube_Rounded_284,48.099998474121094,13.5,-11.479999542236328,1.0,-0.0,0.0,0.0
TemplateCube_Rounded_155,58.099998474121094,-6.5,-11.479999542236328,1.0,-0.0,0.0,0.0
TemplateCube_Rounded_156,58.099998474121094,-16.5,-11.479999542236328,1.0,-0.0,0.0,0.0
TemplateCube_Rounded_157,58.099998474121094,13.5,-11.479999542236328,1.0,-0.0,0.0,0.0
TemplateCube_Rounded_158,58.099998474121094,3.5,-11.479999542236328,1.0,-0.0,0.0,0.0
OrangeBall,34.25,33.099998474121094,-3.684560537338257,1.0,-0.0,0.0,0.0
Cone_5,34.5,-34.39999771118164,-1.6799999475479126,1.0,-0.0,0.0,0.0
Cylinder_2,-45.5,-87.79999542236328,-0.47999998927116394,1.0,-0.0,0.0,0.0
Cylinder2,-46.79999923706055,-94.0,-0.47999998927116394,1.0,-0.0,0.0,0.0
Cylinder3,-43.70000076293945,-95.0,-0.47999998927116394,1.0,-0.0,0.0,0.0
Cylinder4,-37.0,-95.0,-0.47999998927116394,1.0,-0.0,0.0,0.0
Cylinder5,-39.599998474121094,-92.0,-0.47999998927116394,1.0,-0.0,0.0,0.0
Cylinder6,-41.89999771118164,-97.0999984741211,-0.47999998927116394,1.0,-0.0,0.0,0.0
Cylinder7,-42.39999771118164,-89.79999542236328,-0.47999998927116394,1.0,-0.0,0.0,0.0
Cylinder8,-40.0,-99.29999542236328,-0.47999998927116394,1.0,-0.0,0.0,0.0
TemplateCube_Rounded_1,58.099998474121094,-16.5,-1.4800000190734863,1.0,-0.0,0.0,0.0
Wall_C_1,-22.5,106.69999694824219,0.41999998688697815,1.0,-0.0,0.0,0.0
Wall_C_2,-21.399999618530273,106.69999694824219,0.41999998688697815,1.0,-0.0,0.0,0.0
Wall_C_3,-21.399999618530273,106.69999694824219,-0.6800000071525574,1.0,-0.0,0.0,0.0
Wall_C_4,-22.5,106.69999694824219,-0.6800000071525574,1.0,-0.0,0.0,0.0
Wall_C_5,-20.299999237060547,106.69999694824219,0.41999998688697815,1.0,-0.0,0.0,0.0
Wall_C_6,-19.19999885559082,106.69999694824219,0.41999998688697815,1.0,-0.0,0.0,0.0
Wall_C_7,-19.19999885559082,106.69999694824219,-0.6800000071525574,1.0,-0.0,0.0,0.0
Wall_C_8,-20.299999237060547,106.69999694824219,-0.6800000071525574,1.0,-0.0,0.0,0.0
Wall_C_9,-22.5,106.69999694824219,-1.7799999713897705,1.0,-0.0,0.0,0.0
Wall_C_10,-21.399999618530273,106.69999694824219,-1.7799999713897705,1.0,-0.0,0.0,0.0
Wall_C_11,-21.399999618530273,106.69999694824219,-2.879999876022339,1.0,-0.0,0.0,0.0
Wall_C_12,-22.5,106.69999694824219,-2.879999876022339,1.0,-0.0,0.0,0.0
Wall_C_13,-20.299999237060547,106.69999694824219,-1.7799999713897705,1.0,-0.0,0.0,0.0
Wall_C_14,-19.19999885559082,106.69999694824219,-1.7799999713897705,1.0,-0.0,0.0,0.0
Wall_C_15,-19.19999885559082,106.69999694824219,-2.879999876022339,1.0,-0.0,0.0,0.0
Wall_C_16,-20.299999237060547,106.69999694824219,-2.879999876022339,1.0,-0.0,0.0,0.0
Wall_C_17,-26.899999618530273,106.69999694824219,0.41999998688697815,1.0,-0.0,0.0,0.0
Wall_C_18,-25.799999237060547,106.69999694824219,0.41999998688697815,1.0,-0.0,0.0,0.0
Wall_C_19,-25.799999237060547,106.69999694824219,-0.6800000071525574,1.0,-0.0,0.0,0.0
Wall_C_20,-26.899999618530273,106.69999694824219,-0.6800000071525574,1.0,-0.0,0.0,0.0
Wall_C_21,-24.69999885559082,106.69999694824219,0.41999998688697815,1.0,-0.0,0.0,0.0
Wall_C_22,-23.600000381469727,106.69999694824219,0.41999998688697815,1.0,-0.0,0.0,0.0
Wall_C_23,-23.600000381469727,106.69999694824219,-0.6800000071525574,1.0,-0.0,0.0,0.0
Wall_C_24,-24.69999885559082,106.69999694824219,-0.6800000071525574,1.0,-0.0,0.0,0.0
Wall_C_25,-26.899999618530273,106.69999694824219,-1.7799999713897705,1.0,-0.0,0.0,0.0
Wall_C_26,-25.799999237060547,106.69999694824219,-1.7799999713897705,1.0,-0.0,0.0,0.0
Wall_C_27,-25.799999237060547,106.69999694824219,-2.879999876022339,1.0,-0.0,0.0,0.0
Wall_C_28,-26.899999618530273,106.69999694824219,-2.879999876022339,1.0,-0.0,0.0,0.0
Wall_C_29,-24.69999885559082,106.69999694824219,-1.7799999713897705,1.0,-0.0,0.0,0.0
Wall_C_30,-23.600000381469727,106.69999694824219,-1.7799999713897705,1.0,-0.0,0.0,0.0
Wall_C_31,-23.600000381469727,106.69999694824219,-2.879999876022339,1.0,-0.0,0.0,0.0
Wall_C_32,-24.69999885559082,106.69999694824219,-2.879999876022339,1.0,-0.0,0.0,0.0
SM_CineCam_0_ExternalCamera,-19.096784591674805,91.99156188964844,-1.8948968648910522,0.07742613554000854,-0.006005004979670048,0.07953768223524094,-0.9938022494316101
MatineeCam_SM_1_ExternalCamera,-19.104400634765625,92.04019927978516,-1.9112765789031982,0.647975742816925,0.060487814247608185,-0.05199545621871948,0.7574728727340698
MatineeCam_SM_2_ExternalCamera,-19.104400634765625,92.04019927978516,-1.9112765789031982,0.647975742816925,0.060487814247608185,-0.05199545621871948,0.7574728727340698
MatineeCam_SM_3_ExternalCamera,-19.104400634765625,92.04019927978516,-1.9112765789031982,0.647975742816925,0.060487814247608185,-0.05199545621871948,0.7574728727340698
MatineeCam_SM_4_ExternalCamera,-19.104400634765625,92.04019927978516,-1.9112765789031982,0.647975742816925,0.060487814247608185,-0.05199545621871948,0.7574728727340698
MatineeCam_SM_5_ExternalCamera,-19.104400634765625,92.04019927978516,-1.9112765789031982,0.647975742816925,0.060487814247608185,-0.05199545621871948,0.7574728727340698
MatineeCam_SM_6_ExternalCamera,-19.104400634765625,92.04019927978516,-1.9112765789031982,0.647975742816925,0.060487814247608185,-0.05199545621871948,0.7574728727340698
Cone_7_ExternalCamera,-19.104400634765625,92.04019927978516,-1.9112765789031982,0.494954377412796,-0.4928428530693054,0.42142170667648315,0.5783855319023132
MatineeCam_SM_8_ExternalCamera,-19.104400634765625,92.04019927978516,-1.9112765789031982,0.647975742816925,0.060487814247608185,-0.05199545621871948,0.7574728727340698
MatineeCam_SM_9_ExternalCamera,-19.104400634765625,92.04019927978516,-1.9112765789031982,0.647975742816925,0.060487814247608185,-0.05199545621871948,0.7574728727340698
MatineeCam_SM_10_ExternalCamera,-19.104400634765625,92.04019927978516,-1.9112765789031982,0.647975742816925,0.060487814247608185,-0.05199545621871948,0.7574728727340698
MatineeCam_SM_11_ExternalCamera,-19.104400634765625,92.04019927978516,-1.9112765789031982,0.647975742816925,0.060487814247608185,-0.05199545621871948,0.7574728727340698
PhysXCar,-20.276531219482422,99.51116180419922,1.0530223846435547,0.6500416994094849,-0.005760468076914549,0.004677210934460163,0.7598623037338257
SM_CineCam_0_PhysXCar_camera_front_center,-20.576448440551758,101.42713165283203,0.04814206808805466,0.0776548758149147,0.0007659784751012921,-0.007380553521215916,-0.9969527125358582
MatineeCam_SM_1_PhysXCar_camera_front_center,-20.583507537841797,101.47222137451172,0.02346229925751686,0.6500416994094849,-0.005760468076914549,0.004677210934460163,0.7598623037338257
MatineeCam_SM_2_PhysXCar_camera_front_center,-20.583507537841797,101.47222137451172,0.02346229925751686,0.6500416994094849,-0.005760468076914549,0.004677210934460163,0.7598623037338257
MatineeCam_SM_3_PhysXCar_camera_front_center,-20.583507537841797,101.47222137451172,0.02346229925751686,0.6500416994094849,-0.005760468076914549,0.004677210934460163,0.7598623037338257
MatineeCam_SM_4_PhysXCar_camera_front_center,-20.583507537841797,101.47222137451172,0.02346229925751686,0.6500416994094849,-0.005760468076914549,0.004677210934460163,0.7598623037338257
MatineeCam_SM_5_PhysXCar_camera_front_center,-20.583507537841797,101.47222137451172,0.02346229925751686,0.6500416994094849,-0.005760468076914549,0.004677210934460163,0.7598623037338257
MatineeCam_SM_6_PhysXCar_camera_front_center,-20.583507537841797,101.47222137451172,0.02346229925751686,0.6500416994094849,-0.005760468076914549,0.004677210934460163,0.7598623037338257
Cone_7_PhysXCar_camera_front_center,-20.583507537841797,101.47222137451172,0.02346229925751686,0.45634162425994873,-0.541377067565918,0.46295619010925293,0.5332305431365967
MatineeCam_SM_8_PhysXCar_camera_front_center,-20.583507537841797,101.47222137451172,0.02346229925751686,0.6500416994094849,-0.005760468076914549,0.004677210934460163,0.7598623037338257
MatineeCam_SM_9_PhysXCar_camera_front_center,-20.583507537841797,101.47222137451172,0.02346229925751686,0.6500416994094849,-0.005760468076914549,0.004677210934460163,0.7598623037338257
MatineeCam_SM_10_PhysXCar_camera_front_center,-20.583507537841797,101.47222137451172,0.02346229925751686,0.6500416994094849,-0.005760468076914549,0.004677210934460163,0.7598623037338257
MatineeCam_SM_11_PhysXCar_camera_front_center,-20.583507537841797,101.47222137451172,0.02346229925751686,0.6500416994094849,-0.005760468076914549,0.004677210934460163,0.7598623037338257
SM_CineCam_0_PhysXCar_camera_front_left,-20.452957153320312,101.44648742675781,0.04818969592452049,0.0776548758149147,0.0007659784751012921,-0.007380553521215916,-0.9969527125358582
MatineeCam_SM_1_PhysXCar_camera_front_left,-20.46001434326172,101.4915771484375,0.023509925231337547,0.6500416994094849,-0.005760468076914549,0.004677210934460163,0.7598623037338257
MatineeCam_SM_2_PhysXCar_camera_front_left,-20.46001434326172,101.4915771484375,0.023509925231337547,0.6500416994094849,-0.005760468076914549,0.004677210934460163,0.7598623037338257
MatineeCam_SM_3_PhysXCar_camera_front_left,-20.46001434326172,101.4915771484375,0.023509925231337547,0.6500416994094849,-0.005760468076914549,0.004677210934460163,0.7598623037338257
MatineeCam_SM_4_PhysXCar_camera_front_left,-20.46001434326172,101.4915771484375,0.023509925231337547,0.6500416994094849,-0.005760468076914549,0.004677210934460163,0.7598623037338257
MatineeCam_SM_5_PhysXCar_camera_front_left,-20.46001434326172,101.4915771484375,0.023509925231337547,0.6500416994094849,-0.005760468076914549,0.004677210934460163,0.7598623037338257
MatineeCam_SM_6_PhysXCar_camera_front_left,-20.46001434326172,101.4915771484375,0.023509925231337547,0.6500416994094849,-0.005760468076914549,0.004677210934460163,0.7598623037338257
Cone_7_PhysXCar_camera_front_left,-20.46001434326172,101.4915771484375,0.023509925231337547,0.45634162425994873,-0.541377067565918,0.46295619010925293,0.5332305431365967
MatineeCam_SM_8_PhysXCar_camera_front_left,-20.46001434326172,101.4915771484375,0.023509925231337547,0.6500416994094849,-0.005760468076914549,0.004677210934460163,0.7598623037338257
MatineeCam_SM_9_PhysXCar_camera_front_left,-20.46001434326172,101.4915771484375,0.023509925231337547,0.6500416994094849,-0.005760468076914549,0.004677210934460163,0.7598623037338257
MatineeCam_SM_10_PhysXCar_camera_front_left,-20.46001434326172,101.4915771484375,0.023509925231337547,0.6500416994094849,-0.005760468076914549,0.004677210934460163,0.7598623037338257
MatineeCam_SM_11_PhysXCar_camera_front_left,-20.46001434326172,101.4915771484375,0.023509925231337547,0.6500416994094849,-0.005760468076914549,0.004677210934460163,0.7598623037338257
SM_CineCam_0_PhysXCar_camera_front_right,-20.699941635131836,101.40777587890625,0.04809444397687912,0.0776548758149147,0.0007659784751012921,-0.007380553521215916,-0.9969527125358582
MatineeCam_SM_1_PhysXCar_camera_front_right,-20.706998825073242,101.45286560058594,0.023414671421051025,0.6500416994094849,-0.005760468076914549,0.004677210934460163,0.7598623037338257
MatineeCam_SM_2_PhysXCar_camera_front_right,-20.706998825073242,101.45286560058594,0.023414671421051025,0.6500416994094849,-0.005760468076914549,0.004677210934460163,0.7598623037338257
MatineeCam_SM_3_PhysXCar_camera_front_right,-20.706998825073242,101.45286560058594,0.023414671421051025,0.6500416994094849,-0.005760468076914549,0.004677210934460163,0.7598623037338257
MatineeCam_SM_4_PhysXCar_camera_front_right,-20.706998825073242,101.45286560058594,0.023414671421051025,0.6500416994094849,-0.005760468076914549,0.004677210934460163,0.7598623037338257
MatineeCam_SM_5_PhysXCar_camera_front_right,-20.706998825073242,101.45286560058594,0.023414671421051025,0.6500416994094849,-0.005760468076914549,0.004677210934460163,0.7598623037338257
MatineeCam_SM_6_PhysXCar_camera_front_right,-20.706998825073242,101.45286560058594,0.023414671421051025,0.6500416994094849,-0.005760468076914549,0.004677210934460163,0.7598623037338257
Cone_7_PhysXCar_camera_front_right,-20.706998825073242,101.45286560058594,0.023414671421051025,0.45634162425994873,-0.541377067565918,0.46295619010925293,0.5332305431365967
MatineeCam_SM_8_PhysXCar_camera_front_right,-20.706998825073242,101.45286560058594,0.023414671421051025,0.6500416994094849,-0.005760468076914549,0.004677210934460163,0.7598623037338257
MatineeCam_SM_9_PhysXCar_camera_front_right,-20.706998825073242,101.45286560058594,0.023414671421051025,0.6500416994094849,-0.005760468076914549,0.004677210934460163,0.7598623037338257
MatineeCam_SM_10_PhysXCar_camera_front_right,-20.706998825073242,101.45286560058594,0.023414671421051025,0.6500416994094849,-0.005760468076914549,0.004677210934460163,0.7598623037338257
MatineeCam_SM_11_PhysXCar_camera_front_right,-20.706998825073242,101.45286560058594,0.023414671421051025,0.6500416994094849,-0.005760468076914549,0.004677210934460163,0.7598623037338257
SM_CineCam_0_PhysXCar_camera_driver,-20.019145965576172,99.48653411865234,-0.17206496000289917,0.0776548758149147,0.0007659784751012921,-0.007380553521215916,-0.9969527125358582
MatineeCam_SM_1_PhysXCar_camera_driver,-20.026203155517578,99.53162384033203,-0.19674474000930786,0.6500416994094849,-0.005760468076914549,0.004677210934460163,0.7598623037338257
MatineeCam_SM_2_PhysXCar_camera_driver,-20.026203155517578,99.53162384033203,-0.19674474000930786,0.6500416994094849,-0.005760468076914549,0.004677210934460163,0.7598623037338257
MatineeCam_SM_3_PhysXCar_camera_driver,-20.026203155517578,99.53162384033203,-0.19674474000930786,0.6500416994094849,-0.005760468076914549,0.004677210934460163,0.7598623037338257
MatineeCam_SM_4_PhysXCar_camera_driver,-20.026203155517578,99.53162384033203,-0.19674474000930786,0.6500416994094849,-0.005760468076914549,0.004677210934460163,0.7598623037338257
MatineeCam_SM_5_PhysXCar_camera_driver,-20.026203155517578,99.53162384033203,-0.19674474000930786,0.6500416994094849,-0.005760468076914549,0.004677210934460163,0.7598623037338257
MatineeCam_SM_6_PhysXCar_camera_driver,-20.026203155517578,99.53162384033203,-0.19674474000930786,0.6500416994094849,-0.005760468076914549,0.004677210934460163,0.7598623037338257
Cone_7_PhysXCar_camera_driver,-20.026203155517578,99.53162384033203,-0.19674474000930786,0.45634162425994873,-0.541377067565918,0.46295619010925293,0.5332305431365967
MatineeCam_SM_8_PhysXCar_camera_driver,-20.026203155517578,99.53162384033203,-0.19674474000930786,0.6500416994094849,-0.005760468076914549,0.004677210934460163,0.7598623037338257
MatineeCam_SM_9_PhysXCar_camera_driver,-20.026203155517578,99.53162384033203,-0.19674474000930786,0.6500416994094849,-0.005760468076914549,0.004677210934460163,0.7598623037338257
MatineeCam_SM_10_PhysXCar_camera_driver,-20.026203155517578,99.53162384033203,-0.19674474000930786,0.6500416994094849,-0.005760468076914549,0.004677210934460163,0.7598623037338257
MatineeCam_SM_11_PhysXCar_camera_driver,-20.026203155517578,99.53162384033203,-0.19674474000930786,0.6500416994094849,-0.005760468076914549,0.004677210934460163,0.7598623037338257
SM_CineCam_0_PhysXCar_camera_back_center,-19.971391677856445,97.56669616699219,0.1061175987124443,0.9969527125358582,-0.007380553521215916,-0.0007659784751012921,0.0776548758149147
MatineeCam_SM_1_PhysXCar_camera_back_center,-19.96420669555664,97.52090454101562,0.0828026533126831,0.7598623037338257,-0.004677210934460163,-0.005760468076914549,-0.6500416994094849
MatineeCam_SM_2_PhysXCar_camera_back_center,-19.96420669555664,97.52090454101562,0.0828026533126831,0.7598623037338257,-0.004677210934460163,-0.005760468076914549,-0.6500416994094849
MatineeCam_SM_3_PhysXCar_camera_back_center,-19.96420669555664,97.52090454101562,0.0828026533126831,0.7598623037338257,-0.004677210934460163,-0.005760468076914549,-0.6500416994094849
MatineeCam_SM_4_PhysXCar_camera_back_center,-19.96420669555664,97.52090454101562,0.0828026533126831,0.7598623037338257,-0.004677210934460163,-0.005760468076914549,-0.6500416994094849
MatineeCam_SM_5_PhysXCar_camera_back_center,-19.96420669555664,97.52090454101562,0.0828026533126831,0.7598623037338257,-0.004677210934460163,-0.005760468076914549,-0.6500416994094849
MatineeCam_SM_6_PhysXCar_camera_back_center,-19.96420669555664,97.52090454101562,0.0828026533126831,0.7598623037338257,-0.004677210934460163,-0.005760468076914549,-0.6500416994094849
Cone_7_PhysXCar_camera_back_center,-19.96420669555664,97.52090454101562,0.0828026533126831,0.541377067565918,0.45634162425994873,0.5332305431365967,-0.46295619010925293
MatineeCam_SM_8_PhysXCar_camera_back_center,-19.96420669555664,97.52090454101562,0.0828026533126831,0.7598623037338257,-0.004677210934460163,-0.005760468076914549,-0.6500416994094849
MatineeCam_SM_9_PhysXCar_camera_back_center,-19.96420669555664,97.52090454101562,0.0828026533126831,0.7598623037338257,-0.004677210934460163,-0.005760468076914549,-0.6500416994094849
MatineeCam_SM_10_PhysXCar_camera_back_center,-19.96420669555664,97.52090454101562,0.0828026533126831,0.7598623037338257,-0.004677210934460163,-0.005760468076914549,-0.6500416994094849
MatineeCam_SM_11_PhysXCar_camera_back_center,-19.96420669555664,97.52090454101562,0.0828026533126831,0.7598623037338257,-0.004677210934460163,-0.005760468076914549,-0.6500416994094849
